{
    "Agent": {
        "total": 0.11038954788818955
    },
    "Env": {
        "apply_act": 0.19992179842665792,
        "observation_computation": 0.005939416121691465,
        "powerflow_computation": 0.13541515450924635,
        "total": 0.34127636905759573
    },
    "total": 0.46495088329538703
}