{
    "Agent": {
        "total": 17.173104057088494
    },
    "Env": {
        "apply_act": 6.715978186111897,
        "observation_computation": 0.41731233010068536,
        "powerflow_computation": 4.260393193457276,
        "total": 11.393683709669858
    },
    "total": 29.356439323630184
}