{
    "Agent": {
        "total": 2.019444251433015
    },
    "Env": {
        "apply_act": 1.0459696198813617,
        "observation_computation": 0.042316724080592394,
        "powerflow_computation": 0.6454057861119509,
        "total": 1.733692130073905
    },
    "total": 3.8322642887942493
}